{"cameraMode":{"drawMode":0,"name":"Shaded","section":"Shading Mode"},"sceneLighting":true,"audioPlay":false,"sceneViewState":{"showFog":true,"showMaterialUpdate":false,"showSkybox":true,"showFlares":true,"showImageEffects":true,"showParticleSystems":true},"in2DMode":false,"pivot":{"x":-1.9391498565673829,"y":-3.7393181324005129,"z":-168.3070068359375},"rotation":{"x":0.08552207797765732,"y":-0.7033678889274597,"z":0.08588220179080963,"w":0.7004175782203674},"size":11.193385124206543,"orthographic":true}